metric	value	evidence	decision
candidate_methods	12	genus_realloc_xny,blend_current_genus_realloc_xny_a0.75,blend_current_genus_realloc_xny_a0.5,genus_realloc_probability,blend_current_genus_realloc_xny_a0.25,genus_realloc_mutdiff_light,blend_current_genus_realloc_mutdiff_light_a0.75,blend_current_genus_realloc_xny_a0.1,blend_current_genus_realloc_mutdiff_light_a0.5,blend_current_unique_mean_over_zip_p1_a0.25,blend_current_genus_realloc_mutdiff_light_a0.25,blend_current_unique_mean_over_zip_p1_a0.1	top_fixed_call_variants_by_mean_L1
tested_switch_rules	4608	output_feature_thresholds	truth_used_only_for_scoring
nontrivial_switch_rules	4596	0 < switched_samples < sample_count	eligible_for_default_audit
strict_sample_safe_switches	481	adaptive_abundance_switch_rules.tsv	must_be_zero_to_reject_simple_output_switch
strict_panel_safe_switches	2039	adaptive_abundance_switch_rules.tsv	must_be_zero_to_reject_simple_output_switch
lopo_holdout_panels_improved	3	mean_delta=-0.737243;worsened=1;max_worse=1.218914	leave_one_panel_out_validation
best_sample_mean_switch	genus_realloc_xny;depth_cv_mean>=5.86211;mean_delta=-2.188608;worsened_samples=1;max_worse=1.229203;switched=22	adaptive_abundance_switch_rules.tsv	tradeoff_not_default
best_panel_mean_switch	genus_realloc_xny;breadth_ratio_median>=1.11111;mean_delta=-1.195622;worsened_panels=0;max_worse=0.000000;switched=25	adaptive_abundance_switch_rules.tsv	tradeoff_not_default
promotion_decision	reject_as_overfit_by_leave_one_panel_out	adaptive_abundance_switch_rules.tsv;adaptive_abundance_switch_lopo.tsv	current_calibrated_abundance_remains_default
