sample	method	truth_gtdb_species	pred_gtdb_species	TP	FP	FN	precision	recall	F1	L1_union_pp	L1_truth_only_pp	Pearson_union	Pearson_truth_only
0	current_calibrated_abundance	93	94	78	16	15	0.8297872340425532	0.8387096774193549	0.8342245989304814	63.07645271846174	51.39098086404699	0.910778777663967	0.9228891836223626
0	current_calibrated_raw	93	94	78	16	15	0.8297872340425532	0.8387096774193549	0.8342245989304814	63.076452718461915	51.39098086404711	0.910778777663967	0.9228891836223625
0	split_mean_depth	93	94	78	16	15	0.8297872340425532	0.8387096774193549	0.8342245989304814	64.97884478366655	60.62615983255169	0.932468213782429	0.9350433365857863
0	split_hit_mean_x_breadth	93	94	78	16	15	0.8297872340425532	0.8387096774193549	0.8342245989304814	96.7476514757966	91.60509737320027	0.6004006325371424	0.6000052104612148
0	split_normalized_depth	93	94	78	16	15	0.8297872340425532	0.8387096774193549	0.8342245989304814	64.98016221270032	60.627701056788176	0.9324678826117934	0.9350431647432024
0	split_relative_depth	93	94	78	16	15	0.8297872340425532	0.8387096774193549	0.8342245989304814	64.98016221270032	60.627701056788176	0.9324678826117934	0.9350431647432024
0	unique_mean_depth	93	94	78	16	15	0.8297872340425532	0.8387096774193549	0.8342245989304814	74.42818503524501	71.50362909055484	0.9290484510084863	0.9307705840476097
0	split_mean_prob	93	94	78	16	15	0.8297872340425532	0.8387096774193549	0.8342245989304814	70.36792650222587	66.07914658015474	0.9294252956782343	0.9322357447133649
0	split_mean_prob2	93	94	78	16	15	0.8297872340425532	0.8387096774193549	0.8342245989304814	74.0040165136773	69.67633773494322	0.9266714194689692	0.9296854738085382
0	split_mean_over_zip_p0.25	93	94	78	16	15	0.8297872340425532	0.8387096774193549	0.8342245989304814	62.879672457347056	57.48757294933032	0.9325223295702089	0.9359940086928542
0	split_mean_over_zip_p0.5	93	94	78	16	15	0.8297872340425532	0.8387096774193549	0.8342245989304814	60.992536892068074	54.16576996367716	0.9309033546778657	0.9358578989282886
0	split_mean_over_zip_p0.75	93	94	78	16	15	0.8297872340425532	0.8387096774193549	0.8342245989304814	59.79110365155417	50.93353452173719	0.9257494143640622	0.9332352720136448
0	split_mean_over_zip_p1	93	94	78	16	15	0.8297872340425532	0.8387096774193549	0.8342245989304814	63.076452718461915	51.39098086404711	0.910778777663967	0.9228891836223625
0	split_mean_over_zip_p1.25	93	94	78	16	15	0.8297872340425532	0.8387096774193549	0.8342245989304814	84.79249930880799	69.69428880576923	0.8442778883989993	0.8651397891079046
0	split_mean_over_zip_floor0.01	93	94	78	16	15	0.8297872340425532	0.8387096774193549	0.8342245989304814	61.129853762359566	49.16893358778908	0.913258383172503	0.9256707300397151
0	split_mean_over_zip_floor0.05	93	94	78	16	15	0.8297872340425532	0.8387096774193549	0.8342245989304814	58.551419568096755	47.85892953389942	0.9152316410379148	0.92722145771111
0	split_mean_over_zip_floor0.1	93	94	78	16	15	0.8297872340425532	0.8387096774193549	0.8342245989304814	58.37876349357347	48.16155401753973	0.9156904195202455	0.9275669986788984
1	current_calibrated_abundance	104	99	86	13	18	0.8686868686868687	0.8269230769230769	0.8472906403940886	75.04358937786799	65.46100214605643	0.6504147643645246	0.6658588506113589
1	current_calibrated_raw	104	99	86	13	18	0.8686868686868687	0.8269230769230769	0.8472906403940886	75.04358937786795	65.46100214605637	0.6504147643645247	0.6658588506113589
1	split_mean_depth	104	99	86	13	18	0.8686868686868687	0.8269230769230769	0.8472906403940886	73.94579168791434	68.56644002592793	0.6693189577246254	0.6720027247938812
1	split_hit_mean_x_breadth	104	99	86	13	18	0.8686868686868687	0.8269230769230769	0.8472906403940886	112.4851121384551	103.84067622036048	0.22686371873424233	0.22792429019540705
1	split_normalized_depth	104	99	86	13	18	0.8686868686868687	0.8269230769230769	0.8472906403940886	73.94637744628628	68.56692962531469	0.6693191636107445	0.6720030178285878
1	split_relative_depth	104	99	86	13	18	0.8686868686868687	0.8269230769230769	0.8472906403940886	73.94637744628628	68.56692962531469	0.6693191636107445	0.6720030178285878
1	unique_mean_depth	104	99	86	13	18	0.8686868686868687	0.8269230769230769	0.8472906403940886	81.80319112377146	77.5182183577681	0.6691458596206229	0.6700130922525022
1	split_mean_prob	104	99	86	13	18	0.8686868686868687	0.8269230769230769	0.8472906403940886	78.05266011586998	73.8254970352796	0.6676145796136438	0.6683090295760523
1	split_mean_prob2	104	99	86	13	18	0.8686868686868687	0.8269230769230769	0.8472906403940886	81.35905973041635	77.94407837116563	0.6650077715451389	0.6645255001524547
1	split_mean_over_zip_p0.25	104	99	86	13	18	0.8686868686868687	0.8269230769230769	0.8472906403940886	72.80132508803298	66.60912136427217	0.6735024658256528	0.6781599283991093
1	split_mean_over_zip_p0.5	104	99	86	13	18	0.8686868686868687	0.8269230769230769	0.8472906403940886	72.60776592384877	65.4328711390592	0.6743047223471006	0.6817333868708656
1	split_mean_over_zip_p0.75	104	99	86	13	18	0.8686868686868687	0.8269230769230769	0.8472906403940886	73.3548168503079	65.02239270173777	0.6695318553153065	0.6806762212472531
1	split_mean_over_zip_p1	104	99	86	13	18	0.8686868686868687	0.8269230769230769	0.8472906403940886	75.04358937786795	65.46100214605637	0.6504147643645247	0.6658588506113589
1	split_mean_over_zip_p1.25	104	99	86	13	18	0.8686868686868687	0.8269230769230769	0.8472906403940886	85.36924049678377	74.76305121673235	0.5623078882802811	0.5783560810843436
1	split_mean_over_zip_floor0.01	104	99	86	13	18	0.8686868686868687	0.8269230769230769	0.8472906403940886	74.55038687304184	64.94481166426341	0.6555374979914531	0.6714045993932636
1	split_mean_over_zip_floor0.05	104	99	86	13	18	0.8686868686868687	0.8269230769230769	0.8472906403940886	73.37993666159144	63.661206322350274	0.6625366427997127	0.6791090789875853
1	split_mean_over_zip_floor0.1	104	99	86	13	18	0.8686868686868687	0.8269230769230769	0.8472906403940886	73.07046270714655	63.45486711892659	0.6634116222190485	0.6800104168954313
2	current_calibrated_abundance	99	115	82	33	17	0.7130434782608696	0.8282828282828283	0.7663551401869159	50.07604500394408	38.64523608888298	0.9105517870034346	0.9212311577120741
2	current_calibrated_raw	99	115	82	33	17	0.7130434782608696	0.8282828282828283	0.7663551401869159	50.07604500394414	38.645236088882996	0.9105517870034342	0.9212311577120739
2	split_mean_depth	99	115	82	33	17	0.7130434782608696	0.8282828282828283	0.7663551401869159	46.61324033115084	34.2034306929872	0.9230177686350207	0.9369034824137144
2	split_hit_mean_x_breadth	99	115	82	33	17	0.7130434782608696	0.8282828282828283	0.7663551401869159	57.913076540685005	41.81382589636781	0.9055900293977979	0.9287546405170042
2	split_normalized_depth	99	115	82	33	17	0.7130434782608696	0.8282828282828283	0.7663551401869159	46.613916248709195	34.2043310637357	0.9230165296005254	0.9369018417558355
2	split_relative_depth	99	115	82	33	17	0.7130434782608696	0.8282828282828283	0.7663551401869159	46.613916248709195	34.2043310637357	0.9230165296005254	0.9369018417558355
2	unique_mean_depth	99	115	82	33	17	0.7130434782608696	0.8282828282828283	0.7663551401869159	57.140058713292106	47.43988355084857	0.8809691012523402	0.8918939555381518
2	split_mean_prob	99	115	82	33	17	0.7130434782608696	0.8282828282828283	0.7663551401869159	50.452153984962635	40.60230756981112	0.9145295228553034	0.9262987500632233
2	split_mean_prob2	99	115	82	33	17	0.7130434782608696	0.8282828282828283	0.7663551401869159	55.98158513208984	47.489558430309955	0.8969443435671193	0.9088680965670661
2	split_mean_over_zip_p0.25	99	115	82	33	17	0.7130434782608696	0.8282828282828283	0.7663551401869159	48.16041781881263	33.290853087016856	0.9183239177337208	0.9365921573611107
2	split_mean_over_zip_p0.5	99	115	82	33	17	0.7130434782608696	0.8282828282828283	0.7663551401869159	57.34683858016971	38.6960881226067	0.90430088593962	0.9326662042654614
2	split_mean_over_zip_p0.75	99	115	82	33	17	0.7130434782608696	0.8282828282828283	0.7663551401869159	74.16950201246517	49.64908774321948	0.8601459825983419	0.9128576648591906
2	split_mean_over_zip_p1	99	115	82	33	17	0.7130434782608696	0.8282828282828283	0.7663551401869159	104.72512986539506	71.40156469585061	0.6784133008774693	0.7929489617960706
2	split_mean_over_zip_p1.25	99	115	82	33	17	0.7130434782608696	0.8282828282828283	0.7663551401869159	147.17539258830246	102.47295841117842	0.25351440506395384	0.41551707055671433
2	split_mean_over_zip_floor0.01	99	115	82	33	17	0.7130434782608696	0.8282828282828283	0.7663551401869159	94.25175433832686	64.33210933543515	0.7242171253605341	0.818288333363248
2	split_mean_over_zip_floor0.05	99	115	82	33	17	0.7130434782608696	0.8282828282828283	0.7663551401869159	75.16159101666987	47.55039693554242	0.8255814621008943	0.9189433515058025
2	split_mean_over_zip_floor0.1	99	115	82	33	17	0.7130434782608696	0.8282828282828283	0.7663551401869159	69.58312254290439	43.8450910176018	0.8421685150868532	0.9231633162515087
