panel	sample	method	F1	official_L1_pp	official_Pearson	truth_mass_detected_pct	matched_abs_error_pp	missing_truth_mass_pp	extra_pred_mass_pp	abundance_feature_allocator_switch	abundance_feature_allocator_applied	abundance_feature_allocator_guard_passed	abundance_feature_allocator_method	abundance_feature_allocator_alpha	abundance_feature_allocator_target	abundance_feature_allocator_guard_feature	abundance_feature_allocator_guard_threshold	abundance_feature_allocator_base_mass_multi_genus_frac	abundance_feature_allocator_adjusted_rows_n	abundance_feature_allocator_rule	delta_L1_pp	delta_Pearson
cami2_toy_mouse_gut	5	current_selected_abundance	0.8722222222222222	15.414228172610029	0.9917478920123489	97.6716205584861	13.085848731096158	2.3283794415138734	1.7716600070103263												0.0	0.0
cami2_toy_mouse_gut	5	wrapper_guarded_genus_hit_breadth_a002	0.8722222222222222	15.135362396238275	0.9919231967770831	97.6716205584861	12.806982954724411	2.3283794415138734	1.7716021456232487	guarded-genus-hit-breadth-a002	True	True	genus_raw_hit_breadth_a0.02	0.02	raw*max(s,u Ref_hit_mean_depth*Ref_breadth)	base_mass_multi_genus_frac	0.37501510201405147	0.8442072326434183	83.0	if base_mass_multi_genus_frac>=0.375015 then blend 0.02 of each multi-row called genus toward raw*hit-depth*breadth; candidate-added row mass is preserved	-0.27886577637175414	0.00017530476473415213
cami2_toy_mouse_gut	6	current_selected_abundance	0.8579387186629526	19.34922376619821	0.974477144863044	98.55702629753166	17.906250063729846	1.442973702468359	2.8486074814788362												0.0	0.0
cami2_toy_mouse_gut	6	wrapper_guarded_genus_hit_breadth_a002	0.8579387186629526	19.09492150930367	0.9749877693716209	98.55702629753166	17.65194780683531	1.442973702468359	2.84095063557138	guarded-genus-hit-breadth-a002	True	True	genus_raw_hit_breadth_a0.02	0.02	raw*max(s,u Ref_hit_mean_depth*Ref_breadth)	base_mass_multi_genus_frac	0.37501510201405147	0.8207859226205523	90.0	if base_mass_multi_genus_frac>=0.375015 then blend 0.02 of each multi-row called genus toward raw*hit-depth*breadth; candidate-added row mass is preserved	-0.25430225689454033	0.0005106245085768624
cami2_toy_mouse_gut	7	current_selected_abundance	0.9545454545454545	5.827122498816438	0.9984232596633771	99.51916901908804	5.346291517904461	0.48083098091197957	0.08940614079843903												0.0	0.0
cami2_toy_mouse_gut	7	wrapper_guarded_genus_hit_breadth_a002	0.9545454545454545	5.796528488138228	0.9984685596867866	99.51916901908804	5.31569750722625	0.48083098091197957	0.08940614079843905	guarded-genus-hit-breadth-a002	True	True	genus_raw_hit_breadth_a0.02	0.02	raw*max(s,u Ref_hit_mean_depth*Ref_breadth)	base_mass_multi_genus_frac	0.37501510201405147	0.6212019710664737	29.0	if base_mass_multi_genus_frac>=0.375015 then blend 0.02 of each multi-row called genus toward raw*hit-depth*breadth; candidate-added row mass is preserved	-0.030594010678210104	4.530002340952244e-05
cami3_toy_human_gut_gtdb_source_readmap	0	current_selected_abundance	0.8465608465608465	62.229112552092026	0.9168100125114246	89.43520626440736	40.77552903670822	10.56479373559268	10.888789779791125												0.0	0.0
cami3_toy_human_gut_gtdb_source_readmap	0	wrapper_guarded_genus_hit_breadth_a002	0.8465608465608465	62.229112552092026	0.9168100125114246	89.43520626440736	40.77552903670822	10.56479373559268	10.888789779791125	guarded-genus-hit-breadth-a002	False	False	genus_raw_hit_breadth_a0.02	0.02	raw*max(s,u Ref_hit_mean_depth*Ref_breadth)	base_mass_multi_genus_frac	0.37501510201405147	0.2919315671234782	0.0	if base_mass_multi_genus_frac>=0.375015 then blend 0.02 of each multi-row called genus toward raw*hit-depth*breadth; candidate-added row mass is preserved	0.0	0.0
cami3_toy_human_gut_gtdb_source_readmap	1	current_selected_abundance	0.8585365853658536	67.19360511221436	0.7216589081849198	86.52273502066252	44.14384330842487	13.47726497933749	9.572496824451974												0.0	0.0
cami3_toy_human_gut_gtdb_source_readmap	1	wrapper_guarded_genus_hit_breadth_a002	0.8585365853658536	67.19360511221436	0.7216589081849198	86.52273502066252	44.14384330842487	13.47726497933749	9.572496824451974	guarded-genus-hit-breadth-a002	False	False	genus_raw_hit_breadth_a0.02	0.02	raw*max(s,u Ref_hit_mean_depth*Ref_breadth)	base_mass_multi_genus_frac	0.37501510201405147	0.2916005359838694	0.0	if base_mass_multi_genus_frac>=0.375015 then blend 0.02 of each multi-row called genus toward raw*hit-depth*breadth; candidate-added row mass is preserved	0.0	0.0
cami3_toy_human_gut_gtdb_source_readmap	2	current_selected_abundance	0.772093023255814	43.81898504973346	0.9544933525370349	99.51471370763684	32.722027171453945	0.4852862923631529	10.611671585916357												0.0	0.0
cami3_toy_human_gut_gtdb_source_readmap	2	wrapper_guarded_genus_hit_breadth_a002	0.772093023255814	43.58244263548971	0.9543170854115114	99.51471370763684	32.561298239417376	0.4852862923631529	10.535858103709177	guarded-genus-hit-breadth-a002	True	True	genus_raw_hit_breadth_a0.02	0.02	raw*max(s,u Ref_hit_mean_depth*Ref_breadth)	base_mass_multi_genus_frac	0.37501510201405147	0.6942318304267054	53.0	if base_mass_multi_genus_frac>=0.375015 then blend 0.02 of each multi-row called genus toward raw*hit-depth*breadth; candidate-added row mass is preserved	-0.23654241424375044	-0.00017626712552354373
hmp_airskin_gtdb_source_abundance	0	current_selected_abundance	0.8405797101449276	18.780365281635795	0.9895037710483945	99.99520959562413	10.119936793047726	0.004790404375874205	8.655638084212198												0.0	0.0
hmp_airskin_gtdb_source_abundance	0	wrapper_guarded_genus_hit_breadth_a002	0.8405797101449276	18.485434315222033	0.9898248287847489	99.99520959562413	9.966860579238071	0.004790404375874205	8.513783331608085	guarded-genus-hit-breadth-a002	True	True	genus_raw_hit_breadth_a0.02	0.02	raw*max(s,u Ref_hit_mean_depth*Ref_breadth)	base_mass_multi_genus_frac	0.37501510201405147	0.875944010633818	21.0	if base_mass_multi_genus_frac>=0.375015 then blend 0.02 of each multi-row called genus toward raw*hit-depth*breadth; candidate-added row mass is preserved	-0.29493096641376226	0.00032105773635437984
hmp_airskin_gtdb_source_abundance	1	current_selected_abundance	0.6799999999999999	18.105883690092906	0.9973939434154936	99.99999999999999	11.773226709810261	0.0	6.3326569802826445												0.0	0.0
hmp_airskin_gtdb_source_abundance	1	wrapper_guarded_genus_hit_breadth_a002	0.6799999999999999	17.73786837906538	0.9975148885904875	99.99999999999999	11.470424983844671	0.0	6.267443395220712	guarded-genus-hit-breadth-a002	True	True	genus_raw_hit_breadth_a0.02	0.02	raw*max(s,u Ref_hit_mean_depth*Ref_breadth)	base_mass_multi_genus_frac	0.37501510201405147	0.7269955386404219	59.0	if base_mass_multi_genus_frac>=0.375015 then blend 0.02 of each multi-row called genus toward raw*hit-depth*breadth; candidate-added row mass is preserved	-0.36801531102752705	0.00012094517499394719
hmp_airskin_gtdb_source_abundance	3	current_selected_abundance	0.9574468085106385	12.670666989685989	0.9970245468507749	99.78217411541614	8.663260840363016	0.21782588458383687	3.789580264739139												0.0	0.0
hmp_airskin_gtdb_source_abundance	3	wrapper_guarded_genus_hit_breadth_a002	0.9574468085106385	12.533226117750058	0.9970543198658293	99.78217411541614	8.53406713033454	0.21782588458383687	3.7813331028316832	guarded-genus-hit-breadth-a002	True	True	genus_raw_hit_breadth_a0.02	0.02	raw*max(s,u Ref_hit_mean_depth*Ref_breadth)	base_mass_multi_genus_frac	0.37501510201405147	0.962228766087623	35.0	if base_mass_multi_genus_frac>=0.375015 then blend 0.02 of each multi-row called genus toward raw*hit-depth*breadth; candidate-added row mass is preserved	-0.13744087193593124	2.9773015054357366e-05
hmp_airskin_gtdb_source_abundance	4	current_selected_abundance	0.8395061728395061	28.72674092295988	0.9883782682234051	98.66532346797557	18.52652125098263	1.334676532024448	8.865543139952813												0.0	0.0
hmp_airskin_gtdb_source_abundance	4	wrapper_guarded_genus_hit_breadth_a002	0.8395061728395061	28.315437632560524	0.9886458992881852	98.66532346797557	18.235150375702357	1.334676532024448	8.745610724833726	guarded-genus-hit-breadth-a002	True	True	genus_raw_hit_breadth_a0.02	0.02	raw*max(s,u Ref_hit_mean_depth*Ref_breadth)	base_mass_multi_genus_frac	0.37501510201405147	0.9052910146067648	95.0	if base_mass_multi_genus_frac>=0.375015 then blend 0.02 of each multi-row called genus toward raw*hit-depth*breadth; candidate-added row mass is preserved	-0.4113032903993563	0.0002676310647801161
hmp_airskin_gtdb_source_abundance	5	current_selected_abundance	0.9615384615384616	10.337735604597233	0.9983818025644172	98.56115107913669	8.085223253669351	1.4388489208633206	0.8136634300645583												0.0	0.0
hmp_airskin_gtdb_source_abundance	5	wrapper_guarded_genus_hit_breadth_a002	0.9615384615384616	10.296103846664607	0.9983349993426357	98.56115107913669	8.04887764113358	1.4388489208633206	0.8083772846677084	guarded-genus-hit-breadth-a002	True	True	genus_raw_hit_breadth_a0.02	0.02	raw*max(s,u Ref_hit_mean_depth*Ref_breadth)	base_mass_multi_genus_frac	0.37501510201405147	0.37907969252481405	16.0	if base_mass_multi_genus_frac>=0.375015 then blend 0.02 of each multi-row called genus toward raw*hit-depth*breadth; candidate-added row mass is preserved	-0.041631757932625746	-4.680322178152174e-05
hmp_airskin_gtdb_source_abundance	6	current_selected_abundance	0.9696969696969697	22.192749202192346	0.9144670910865694	100.0	11.31698493496951	0.0	10.875764267222833												0.0	0.0
hmp_airskin_gtdb_source_abundance	6	wrapper_guarded_genus_hit_breadth_a002	0.9696969696969697	22.051080166054216	0.9157170798362598	100.0	11.246150416900447	0.0	10.804929749153766	guarded-genus-hit-breadth-a002	True	True	genus_raw_hit_breadth_a0.02	0.02	raw*max(s,u Ref_hit_mean_depth*Ref_breadth)	base_mass_multi_genus_frac	0.37501510201405147	0.6039690937479739	5.0	if base_mass_multi_genus_frac>=0.375015 then blend 0.02 of each multi-row called genus toward raw*hit-depth*breadth; candidate-added row mass is preserved	-0.1416690361381292	0.0012499887496904005
hmp_airskin_gtdb_source_abundance	7	current_selected_abundance	0.8414634146341463	27.609399687248615	0.9875542782678017	99.27471781448712	22.843841979863377	0.7252821855128652	4.040275521872352												0.0	0.0
hmp_airskin_gtdb_source_abundance	7	wrapper_guarded_genus_hit_breadth_a002	0.8414634146341463	26.706932507585663	0.9881143615403013	99.27471781448712	22.00153074942936	0.7252821855128652	3.980119572643421	guarded-genus-hit-breadth-a002	True	True	genus_raw_hit_breadth_a0.02	0.02	raw*max(s,u Ref_hit_mean_depth*Ref_breadth)	base_mass_multi_genus_frac	0.37501510201405147	0.9672559240789718	66.0	if base_mass_multi_genus_frac>=0.375015 then blend 0.02 of each multi-row called genus toward raw*hit-depth*breadth; candidate-added row mass is preserved	-0.9024671796629526	0.0005600832724995675
hmp_airskin_gtdb_source_abundance	9	current_selected_abundance	0.9292929292929293	31.526930250245535	0.9866666556242832	99.9291442182978	22.615939364749867	0.07085578170228189	8.840135103793381												0.0	0.0
hmp_airskin_gtdb_source_abundance	9	wrapper_guarded_genus_hit_breadth_a002	0.9292929292929293	30.547026674170613	0.9875022565513235	99.9291442182978	21.79808699996262	0.07085578170228189	8.67808389250572	guarded-genus-hit-breadth-a002	True	True	genus_raw_hit_breadth_a0.02	0.02	raw*max(s,u Ref_hit_mean_depth*Ref_breadth)	base_mass_multi_genus_frac	0.37501510201405147	0.9607358824925907	68.0	if base_mass_multi_genus_frac>=0.375015 then blend 0.02 of each multi-row called genus toward raw*hit-depth*breadth; candidate-added row mass is preserved	-0.9799035760749213	0.0008356009270402698
hmp_airskin_gtdb_source_abundance	10	current_selected_abundance	0.9130434782608695	20.72920835915743	0.9889496865549151	98.25010636241484	16.253928579088832	1.7498936375851832	2.7253861424834174												0.0	0.0
hmp_airskin_gtdb_source_abundance	10	wrapper_guarded_genus_hit_breadth_a002	0.9130434782608695	20.206809982083858	0.9893328085646688	98.25010636241484	15.77660824637133	1.7498936375851832	2.680308098127356	guarded-genus-hit-breadth-a002	True	True	genus_raw_hit_breadth_a0.02	0.02	raw*max(s,u Ref_hit_mean_depth*Ref_breadth)	base_mass_multi_genus_frac	0.37501510201405147	0.7283247274314621	48.0	if base_mass_multi_genus_frac>=0.375015 then blend 0.02 of each multi-row called genus toward raw*hit-depth*breadth; candidate-added row mass is preserved	-0.5223983770735714	0.00038312200975365585
hmp_airskin_gtdb_source_abundance	11	current_selected_abundance	0.9846153846153847	22.34574875063917	0.9390039844436852	99.99471758645197	22.340466337091186	0.005282413547989002	0.0												0.0	0.0
hmp_airskin_gtdb_source_abundance	11	wrapper_guarded_genus_hit_breadth_a002	0.9846153846153847	22.27561171781303	0.9389637625042883	99.99471758645197	22.27032930426504	0.005282413547989002	0.0	guarded-genus-hit-breadth-a002	True	True	genus_raw_hit_breadth_a0.02	0.02	raw*max(s,u Ref_hit_mean_depth*Ref_breadth)	base_mass_multi_genus_frac	0.37501510201405147	0.9465605495406406	20.0	if base_mass_multi_genus_frac>=0.375015 then blend 0.02 of each multi-row called genus toward raw*hit-depth*breadth; candidate-added row mass is preserved	-0.07013703282613903	-4.022193939690055e-05
hmp_airskin_gtdb_source_abundance	13	current_selected_abundance	0.925	54.747984044476524	0.9105244185423927	99.97753483086265	54.169833689375125	0.02246516913736668	0.5556851859640487												0.0	0.0
hmp_airskin_gtdb_source_abundance	13	wrapper_guarded_genus_hit_breadth_a002	0.925	54.572251905738725	0.9114327767598327	99.97753483086265	54.00322695602504	0.02246516913736668	0.54655978057632	guarded-genus-hit-breadth-a002	True	True	genus_raw_hit_breadth_a0.02	0.02	raw*max(s,u Ref_hit_mean_depth*Ref_breadth)	base_mass_multi_genus_frac	0.37501510201405147	0.9723627662797747	32.0	if base_mass_multi_genus_frac>=0.375015 then blend 0.02 of each multi-row called genus toward raw*hit-depth*breadth; candidate-added row mass is preserved	-0.17573213873779991	0.0009083582174399529
hmp_airskin_gtdb_source_abundance	14	current_selected_abundance	0.8999999999999999	14.247572698891528	0.9988928181803317	99.27007299270075	10.07466724152293	0.7299270072992409	3.44297845006936												0.0	0.0
hmp_airskin_gtdb_source_abundance	14	wrapper_guarded_genus_hit_breadth_a002	0.8999999999999999	13.675946201146175	0.9989986114585423	99.27007299270075	9.496706799265214	0.7299270072992409	3.44931239458172	guarded-genus-hit-breadth-a002	True	True	genus_raw_hit_breadth_a0.02	0.02	raw*max(s,u Ref_hit_mean_depth*Ref_breadth)	base_mass_multi_genus_frac	0.37501510201405147	0.8476731214403671	16.0	if base_mass_multi_genus_frac>=0.375015 then blend 0.02 of each multi-row called genus toward raw*hit-depth*breadth; candidate-added row mass is preserved	-0.5716264977453527	0.00010579327821058637
hmp_airskin_gtdb_source_abundance	15	current_selected_abundance	0.9583333333333334	8.654145647602451	0.9996229749681823	99.9724243697674	8.259055266958912	0.02757563023261003	0.36751475041093035												0.0	0.0
hmp_airskin_gtdb_source_abundance	15	wrapper_guarded_genus_hit_breadth_a002	0.9583333333333334	8.311790351682902	0.9996479066689066	99.9724243697674	7.923958304498284	0.02757563023261003	0.3602564169520097	guarded-genus-hit-breadth-a002	True	True	genus_raw_hit_breadth_a0.02	0.02	raw*max(s,u Ref_hit_mean_depth*Ref_breadth)	base_mass_multi_genus_frac	0.37501510201405147	0.9216853403983881	15.0	if base_mass_multi_genus_frac>=0.375015 then blend 0.02 of each multi-row called genus toward raw*hit-depth*breadth; candidate-added row mass is preserved	-0.3423552959195497	2.4931700724262207e-05
hmp_airskin_gtdb_source_abundance	16	current_selected_abundance	1.0	6.914589514693804	0.9998353757011105	100.0	6.914589514693806	0.0	0.0												0.0	0.0
hmp_airskin_gtdb_source_abundance	16	wrapper_guarded_genus_hit_breadth_a002	1.0	6.439757505912951	0.9998553924462802	100.0	6.439757505912951	0.0	0.0	guarded-genus-hit-breadth-a002	True	True	genus_raw_hit_breadth_a0.02	0.02	raw*max(s,u Ref_hit_mean_depth*Ref_breadth)	base_mass_multi_genus_frac	0.37501510201405147	0.8873258813092646	6.0	if base_mass_multi_genus_frac>=0.375015 then blend 0.02 of each multi-row called genus toward raw*hit-depth*breadth; candidate-added row mass is preserved	-0.4748320087808535	2.00167451697153e-05
hmp_airskin_gtdb_source_abundance	17	current_selected_abundance	0.773109243697479	26.525180643113	0.9960095778891278	100.00000000000004	17.66855717819099	0.0	8.856623464922018												0.0	0.0
hmp_airskin_gtdb_source_abundance	17	wrapper_guarded_genus_hit_breadth_a002	0.773109243697479	26.03372148924008	0.996297590361993	100.00000000000004	17.29558508902423	0.0	8.738136400215849	guarded-genus-hit-breadth-a002	True	True	genus_raw_hit_breadth_a0.02	0.02	raw*max(s,u Ref_hit_mean_depth*Ref_breadth)	base_mass_multi_genus_frac	0.37501510201405147	0.9172182117998726	47.0	if base_mass_multi_genus_frac>=0.375015 then blend 0.02 of each multi-row called genus toward raw*hit-depth*breadth; candidate-added row mass is preserved	-0.4914591538729205	0.0002880124728651401
hmp_airskin_gtdb_source_abundance	18	current_selected_abundance	0.9629629629629629	11.41103974567027	0.9950982254305217	99.99185816380256	10.026673065209547	0.008141836197436556	1.3762248442632858												0.0	0.0
hmp_airskin_gtdb_source_abundance	18	wrapper_guarded_genus_hit_breadth_a002	0.9629629629629629	11.149121748116226	0.9953335034177556	99.99185816380256	9.782807013964922	0.008141836197436556	1.358172897953866	guarded-genus-hit-breadth-a002	True	True	genus_raw_hit_breadth_a0.02	0.02	raw*max(s,u Ref_hit_mean_depth*Ref_breadth)	base_mass_multi_genus_frac	0.37501510201405147	0.5017797000179521	13.0	if base_mass_multi_genus_frac>=0.375015 then blend 0.02 of each multi-row called genus toward raw*hit-depth*breadth; candidate-added row mass is preserved	-0.2619179975540433	0.00023527798723388393
hmp_airskin_gtdb_source_abundance	19	current_selected_abundance	0.816793893129771	37.16496661201082	0.9640171703457461	99.12867060146388	26.279514231010907	0.8713293985361062	10.01412298246381												0.0	0.0
hmp_airskin_gtdb_source_abundance	19	wrapper_guarded_genus_hit_breadth_a002	0.816793893129771	36.48734545132908	0.9649708987438098	99.12867060146388	25.74558799620517	0.8713293985361062	9.870428056587786	guarded-genus-hit-breadth-a002	True	True	genus_raw_hit_breadth_a0.02	0.02	raw*max(s,u Ref_hit_mean_depth*Ref_breadth)	base_mass_multi_genus_frac	0.37501510201405147	0.8700365536249661	91.0	if base_mass_multi_genus_frac>=0.375015 then blend 0.02 of each multi-row called genus toward raw*hit-depth*breadth; candidate-added row mass is preserved	-0.6776211606817455	0.0009537283980637357
hmp_airskin_gtdb_source_abundance	20	current_selected_abundance	0.8216216216216216	25.952986359054712	0.990482300426512	96.21106500952466	13.12311977175067	3.7889349904753336	9.040931596828715												0.0	0.0
hmp_airskin_gtdb_source_abundance	20	wrapper_guarded_genus_hit_breadth_a002	0.8216216216216216	25.44569040925414	0.990691574991529	96.21106500952466	12.720888427148777	3.7889349904753336	8.935866991630025	guarded-genus-hit-breadth-a002	True	True	genus_raw_hit_breadth_a0.02	0.02	raw*max(s,u Ref_hit_mean_depth*Ref_breadth)	base_mass_multi_genus_frac	0.37501510201405147	0.9394216065889625	70.0	if base_mass_multi_genus_frac>=0.375015 then blend 0.02 of each multi-row called genus toward raw*hit-depth*breadth; candidate-added row mass is preserved	-0.5072959498005716	0.0002092745650170702
hmp_airskin_gtdb_source_abundance	21	current_selected_abundance	0.8800000000000001	34.744967146761084	0.9626902136826683	99.99934878100618	18.167165307640385	0.0006512189938602438	16.57715062012684												0.0	0.0
hmp_airskin_gtdb_source_abundance	21	wrapper_guarded_genus_hit_breadth_a002	0.8800000000000001	34.26761244885609	0.9636825274116203	99.99934878100618	17.89668961023173	0.0006512189938602438	16.370271619630497	guarded-genus-hit-breadth-a002	True	True	genus_raw_hit_breadth_a0.02	0.02	raw*max(s,u Ref_hit_mean_depth*Ref_breadth)	base_mass_multi_genus_frac	0.37501510201405147	0.8703556009229598	30.0	if base_mass_multi_genus_frac>=0.375015 then blend 0.02 of each multi-row called genus toward raw*hit-depth*breadth; candidate-added row mass is preserved	-0.4773546979049925	0.0009923137289520323
hmp_airskin_gtdb_source_abundance	22	current_selected_abundance	0.6440677966101696	20.64859084035799	0.9885915958918304	99.99199473159993	12.048019847048904	0.00800526840008274	8.592565724909006												0.0	0.0
hmp_airskin_gtdb_source_abundance	22	wrapper_guarded_genus_hit_breadth_a002	0.6440677966101696	20.466947271732337	0.9888639972003835	99.99199473159993	11.954410400792353	0.00800526840008274	8.504531602539911	guarded-genus-hit-breadth-a002	True	True	genus_raw_hit_breadth_a0.02	0.02	raw*max(s,u Ref_hit_mean_depth*Ref_breadth)	base_mass_multi_genus_frac	0.37501510201405147	0.6578900133370159	18.0	if base_mass_multi_genus_frac>=0.375015 then blend 0.02 of each multi-row called genus toward raw*hit-depth*breadth; candidate-added row mass is preserved	-0.18164356862565256	0.0002724013085531052
hmp_airskin_gtdb_source_abundance	23	current_selected_abundance	0.8985507246376813	28.419231919115372	0.9844470248065242	92.67101285196624	17.005002667319918	7.328987148033696	4.085242103761757												0.0	0.0
hmp_airskin_gtdb_source_abundance	23	wrapper_guarded_genus_hit_breadth_a002	0.8985507246376813	28.36762944234799	0.9845682999349286	92.67101285196624	17.016271579210596	7.328987148033696	4.022370715103694	guarded-genus-hit-breadth-a002	True	True	genus_raw_hit_breadth_a0.02	0.02	raw*max(s,u Ref_hit_mean_depth*Ref_breadth)	base_mass_multi_genus_frac	0.37501510201405147	0.9079791170878567	26.0	if base_mass_multi_genus_frac>=0.375015 then blend 0.02 of each multi-row called genus toward raw*hit-depth*breadth; candidate-added row mass is preserved	-0.051602476767381944	0.00012127512840431898
hmp_airskin_gtdb_source_abundance	24	current_selected_abundance	0.9285714285714286	13.482402814139544	0.9950654879951978	98.93724559674386	11.78491226295063	1.062754403256151	0.6347361479327627												0.0	0.0
hmp_airskin_gtdb_source_abundance	24	wrapper_guarded_genus_hit_breadth_a002	0.9285714285714286	13.250167096974335	0.9952573936081847	98.93724559674386	11.558704010357276	1.062754403256151	0.6287086833609049	guarded-genus-hit-breadth-a002	True	True	genus_raw_hit_breadth_a0.02	0.02	raw*max(s,u Ref_hit_mean_depth*Ref_breadth)	base_mass_multi_genus_frac	0.37501510201405147	0.727914078856979	19.0	if base_mass_multi_genus_frac>=0.375015 then blend 0.02 of each multi-row called genus toward raw*hit-depth*breadth; candidate-added row mass is preserved	-0.2322357171652083	0.0001919056129868757
hmp_airskin_gtdb_source_abundance	25	current_selected_abundance	0.73015873015873	23.826526371447144	0.9845564248854467	97.64243614931257	12.436010587098949	2.357563850687434	9.03295193366077												0.0	0.0
hmp_airskin_gtdb_source_abundance	25	wrapper_guarded_genus_hit_breadth_a002	0.73015873015873	23.44862785344392	0.9849906448788704	97.64243614931257	12.20408446257338	2.357563850687434	8.886979540183116	guarded-genus-hit-breadth-a002	True	True	genus_raw_hit_breadth_a0.02	0.02	raw*max(s,u Ref_hit_mean_depth*Ref_breadth)	base_mass_multi_genus_frac	0.37501510201405147	0.9103335724031346	44.0	if base_mass_multi_genus_frac>=0.375015 then blend 0.02 of each multi-row called genus toward raw*hit-depth*breadth; candidate-added row mass is preserved	-0.3778985180032244	0.0004342199934237456
hmp_airskin_gtdb_source_abundance	28	current_selected_abundance	0.888888888888889	18.352633533107536	0.9890339281762488	99.99999999999999	10.977119798332401	0.0	7.375513734775134												0.0	0.0
hmp_airskin_gtdb_source_abundance	28	wrapper_guarded_genus_hit_breadth_a002	0.888888888888889	17.89475169312412	0.9894642726779382	99.99999999999999	10.6348935718559	0.0	7.25985812126822	guarded-genus-hit-breadth-a002	True	True	genus_raw_hit_breadth_a0.02	0.02	raw*max(s,u Ref_hit_mean_depth*Ref_breadth)	base_mass_multi_genus_frac	0.37501510201405147	0.8527438120087871	11.0	if base_mass_multi_genus_frac>=0.375015 then blend 0.02 of each multi-row called genus toward raw*hit-depth*breadth; candidate-added row mass is preserved	-0.4578818399834148	0.00043034450168943916
hmp_gastrooral_gtdb_source_abundance	0	current_selected_abundance	0.9565217391304348	14.879895462236432	0.9819928784641776	99.99815934959454	13.927146850287953	0.0018406504054777999	0.950907961542998												0.0	0.0
hmp_gastrooral_gtdb_source_abundance	0	wrapper_guarded_genus_hit_breadth_a002	0.9565217391304348	14.867497492943166	0.9818009734329874	99.99815934959454	13.912113519507189	0.0018406504054777999	0.9535433230305019	guarded-genus-hit-breadth-a002	True	True	genus_raw_hit_breadth_a0.02	0.02	raw*max(s,u Ref_hit_mean_depth*Ref_breadth)	base_mass_multi_genus_frac	0.37501510201405147	0.5318171705114869	11.0	if base_mass_multi_genus_frac>=0.375015 then blend 0.02 of each multi-row called genus toward raw*hit-depth*breadth; candidate-added row mass is preserved	-0.012397969293266087	-0.00019190503119015379
hmp_gastrooral_gtdb_source_abundance	6	current_selected_abundance	0.9090909090909091	77.83598901257044	0.8105695195652595	99.9969905671569	74.14758983512483	0.0030094328430971713	3.6853897446025274												0.0	0.0
hmp_gastrooral_gtdb_source_abundance	6	wrapper_guarded_genus_hit_breadth_a002	0.9090909090909091	77.59634070485748	0.8129096500750153	99.9969905671569	73.96182189735958	0.0030094328430971713	3.631509374654819	guarded-genus-hit-breadth-a002	True	True	genus_raw_hit_breadth_a0.02	0.02	raw*max(s,u Ref_hit_mean_depth*Ref_breadth)	base_mass_multi_genus_frac	0.37501510201405147	0.6375585038006877	30.0	if base_mass_multi_genus_frac>=0.375015 then blend 0.02 of each multi-row called genus toward raw*hit-depth*breadth; candidate-added row mass is preserved	-0.23964830771295453	0.002340130509755789
