sample	method	truth_gtdb_species	pred_gtdb_species	TP	FP	FN	precision	recall	F1	L1_union_pp	L1_truth_only_pp	Pearson_union	Pearson_truth_only	pred_rows_called	pred_rows_unmapped	pred_rows_ref_mapped	pred_rows_fallback_mapped	minco_profile	sylph_reference_release	release_grade_candidate
8	minco_current_default_gtdb_source_abundance_sample8_0_1_3_4_5_6_7_9_10_11_13_14_15_16_17_18_19_20_21_22_23_24_25_28	56	80	55	25	1	0.6875	0.9821428571428571	0.8088235294117647	19.710972221830687	14.985493079808073	0.9757098818181669	0.9829198285049858	80	0	80.0	0.0	/tmp/minco_current_code_hmp_airskin8_20260627/minco_sample8_current_default.tsv		
8	sylph_gtdb_source_abundance	56	58	56	2	0	0.9655172413793104	1.0	0.9824561403508771	7.967710234588014	7.894510307787941	0.9929474783459914	0.992914722796029	58	0				gtdb_r232	True
0	minco_current_default_gtdb_source_abundance_sample8_0_1_3_4_5_6_7_9_10_11_13_14_15_16_17_18_19_20_21_22_23_24_25_28	33	36	29	7	4	0.8055555555555556	0.8787878787878788	0.8405797101449276	18.780365281635657	10.124727197423475	0.9895037710483945	0.9957539782840139	36	0	36.0	0.0	/tmp/minco_current_code_hmp_airskin0_20260627/minco_sample0_current_default.tsv		
0	sylph_gtdb_source_abundance	33	29	28	1	5	0.9655172413793104	0.8484848484848485	0.9032258064516129	2.510443972648263	2.371944249647709	0.9997787092984857	0.9997816692612396	29	0				gtdb_r232	True
1	minco_current_default_gtdb_source_abundance_sample8_0_1_3_4_5_6_7_9_10_11_13_14_15_16_17_18_19_20_21_22_23_24_25_28	51	99	51	48	0	0.5151515151515151	1.0	0.6799999999999999	18.10588369009214	11.773226709809578	0.9973939434154936	0.9978165192517792	99	0	99.0	0.0	/mnt/new3T/minco_release_holdouts_20260628/minco_current_code_hmp_airskin1_20260627/minco_sample1_current_default.tsv		
1	sylph_gtdb_source_abundance	51	52	51	1	0	0.9807692307692307	1.0	0.9902912621359222	2.17840634484384	1.9532058944429391	0.9999070970640813	0.9999152788581492	52	0				gtdb_r232	True
3	minco_current_default_gtdb_source_abundance_sample8_0_1_3_4_5_6_7_9_10_11_13_14_15_16_17_18_19_20_21_22_23_24_25_28	47	47	45	2	2	0.9574468085106383	0.9574468085106383	0.9574468085106385	12.670666989685742	8.881086724946604	0.9970245468507755	0.9993927980330461	47	0	47.0	0.0	/mnt/new3T/minco_release_holdouts_20260628/minco_current_code_hmp_airskin3_20260627/minco_sample3_current_default.tsv		
3	sylph_gtdb_source_abundance	47	46	46	0	1	1.0	0.9787234042553191	0.989247311827957	2.96192949947574	2.96192949947574	0.9999263417258691	0.9999263417258691	46	0				gtdb_r232	True
4	minco_current_default_gtdb_source_abundance_sample8_0_1_3_4_5_6_7_9_10_11_13_14_15_16_17_18_19_20_21_22_23_24_25_28	106	137	102	35	4	0.7445255474452555	0.9622641509433962	0.8395061728395061	28.72674092295887	19.861197783006133	0.9883782682234047	0.9913715332528885	137	0	137.0	0.0	/mnt/new3T/minco_release_holdouts_20260628/minco_current_code_hmp_airskin4_20260627/minco_sample4_current_default.tsv		
4	sylph_gtdb_source_abundance	106	108	104	4	2	0.9629629629629629	0.9811320754716981	0.9719626168224299	4.592947589588322	3.8829482995876115	0.9997707840387126	0.9998157947885598	108	0				gtdb_r232	True
5	minco_current_default_gtdb_source_abundance_sample8_0_1_3_4_5_6_7_9_10_11_13_14_15_16_17_18_19_20_21_22_23_24_25_28	26	26	25	1	1	0.9615384615384616	0.9615384615384616	0.9615384615384616	10.337735604597068	9.524072174532517	0.9983818025644172	0.9984813848525257	26	0	26.0	0.0	/tmp/minco_current_code_hmp_airskin5_20260627/minco_sample5_current_default.tsv		
5	sylph_gtdb_source_abundance	26	27	25	2	1	0.9259259259259259	0.9615384615384616	0.9433962264150944	5.965327211488664	4.378524037882316	0.9982783007541336	0.9989834528921162	27	0				gtdb_r232	True
6	minco_current_default_gtdb_source_abundance_sample8_0_1_3_4_5_6_7_9_10_11_13_14_15_16_17_18_19_20_21_22_23_24_25_28	16	16	15	1	1	0.9375	0.9375	0.9375	23.215391722468812	12.202962601464055	0.9122239933982667	0.976002571771857	16	0	16.0	0.0	/tmp/minco_current_code_hmp_refresh_20260627/minco_sample6_current_exact.tsv		
6	sylph_gtdb_source_abundance	16	18	16	2	0	0.8888888888888888	1.0	0.9411764705882353	3.403013495520682	1.8897104689146282	0.9989848198040682	0.9996990497657613	18	0				gtdb_r232	True
7	minco_current_default_gtdb_source_abundance_sample8_0_1_3_4_5_6_7_9_10_11_13_14_15_16_17_18_19_20_21_22_23_24_25_28	75	89	69	20	6	0.7752808988764045	0.92	0.8414634146341463	27.609399687247855	23.569124165375545	0.9875542782678018	0.9880750272858685	89	0	89.0	0.0	/mnt/new3T/minco_release_holdouts_20260628/minco_current_code_hmp_airskin7_20260627/minco_sample7_current_default.tsv		
7	sylph_gtdb_source_abundance	75	77	73	4	2	0.948051948051948	0.9733333333333334	0.9605263157894737	5.205718359122242	4.843116546113177	0.9994444134687467	0.9994491106272493	77	0				gtdb_r232	True
9	minco_current_default_gtdb_source_abundance_sample8_0_1_3_4_5_6_7_9_10_11_13_14_15_16_17_18_19_20_21_22_23_24_25_28	96	102	92	10	4	0.9019607843137255	0.9583333333333334	0.9292929292929293	31.526930250244316	22.686795146450955	0.9866666556242831	0.9927120918834788	102	0	102.0	0.0	/mnt/new3T/minco_release_holdouts_20260628/minco_current_code_hmp_airskin9_20260627/minco_sample9_current_default.tsv		
9	sylph_gtdb_source_abundance	96	95	93	2	3	0.9789473684210527	0.96875	0.9738219895287958	7.687184035527627	7.5893841333275285	0.9980983985941577	0.9980969824028044	95	0				gtdb_r232	True
10	minco_current_default_gtdb_source_abundance_sample8_0_1_3_4_5_6_7_9_10_11_13_14_15_16_17_18_19_20_21_22_23_24_25_28	69	69	63	6	6	0.9130434782608695	0.9130434782608695	0.9130434782608695	20.729208359157024	18.00382221667363	0.9889496865549157	0.9899775618885672	69	0	69.0	0.0	/mnt/new3T/minco_release_holdouts_20260628/minco_current_code_hmp_airskin10_20260627/minco_sample10_current_default.tsv		
10	sylph_gtdb_source_abundance	69	67	64	3	5	0.9552238805970149	0.927536231884058	0.9411764705882353	11.17273797413609	8.571835373233489	0.9931350210509232	0.9957695941224082	67	0				gtdb_r232	True
11	minco_current_default_gtdb_source_abundance_sample8_0_1_3_4_5_6_7_9_10_11_13_14_15_16_17_18_19_20_21_22_23_24_25_28	33	32	32	0	1	1.0	0.9696969696969697	0.9846153846153847	22.345748750638947	22.345748750638947	0.9390039844436856	0.9390039844436856	32	0	32.0	0.0	/tmp/minco_current_code_hmp_refresh_20260627/minco_sample11_current_exact.tsv		
11	sylph_gtdb_source_abundance	33	33	33	0	0	1.0	1.0	1.0	6.864304715532866	6.864304715532866	0.994159624664273	0.994159624664273	33	0				gtdb_r232	True
13	minco_current_default_gtdb_source_abundance_sample8_0_1_3_4_5_6_7_9_10_11_13_14_15_16_17_18_19_20_21_22_23_24_25_28	40	40	37	3	3	0.925	0.925	0.925	54.74798404447627	54.192298858512224	0.9105244185423925	0.9100458154509378	40	0	40.0	0.0	/mnt/new3T/minco_release_holdouts_20260628/minco_current_code_hmp_airskin13_20260627/minco_sample13_current_default.tsv		
13	sylph_gtdb_source_abundance	40	41	40	1	0	0.975609756097561	1.0	0.9876543209876543	8.344358782582221	8.299658693182044	0.997402892612516	0.9973977617370001	41	0				gtdb_r232	True
14	minco_current_default_gtdb_source_abundance_sample8_0_1_3_4_5_6_7_9_10_11_13_14_15_16_17_18_19_20_21_22_23_24_25_28	28	30	25	5	3	0.8333333333333334	0.8928571428571429	0.8620689655172413	14.82416797226076	11.357212620265134	0.9986364303601221	0.9989077132319847	30	0	30.0	0.0	/mnt/new3T/minco_release_holdouts_20260628/minco_current_code_hmp_airskin14_20260627/minco_sample14_current_default.tsv		
14	sylph_gtdb_source_abundance	28	31	28	3	0	0.9032258064516129	1.0	0.9491525423728813	4.072864305846134	2.5219658567445844	0.9998420737423819	0.9999800542890702	31	0				gtdb_r232	True
15	minco_current_default_gtdb_source_abundance_sample8_0_1_3_4_5_6_7_9_10_11_13_14_15_16_17_18_19_20_21_22_23_24_25_28	24	22	21	1	3	0.9545454545454546	0.875	0.9130434782608695	8.8962798747502	8.527120863345939	0.9995246530616627	0.9995287270609288	22	0	22.0	0.0	/mnt/new3T/minco_release_holdouts_20260628/minco_current_code_hmp_airskin15_20260627/minco_sample15_current_default.tsv		
15	sylph_gtdb_source_abundance	24	25	23	2	1	0.92	0.9583333333333334	0.9387755102040817	0.9784642891169845	0.6758642891169845	0.999984242699932	0.9999918288894338	25	0				gtdb_r232	True
16	minco_current_default_gtdb_source_abundance_sample8_0_1_3_4_5_6_7_9_10_11_13_14_15_16_17_18_19_20_21_22_23_24_25_28	10	10	10	0	0	1.0	1.0	1.0	6.914589514693733	6.914589514693733	0.9998353757011106	0.9998353757011106	10	0	10.0	0.0	/mnt/new3T/minco_release_holdouts_20260628/minco_current_code_hmp_airskin16_20260627/minco_sample16_current_default.tsv		
16	sylph_gtdb_source_abundance	10	10	10	0	0	1.0	1.0	1.0	1.288588517294444	1.288588517294444	0.9999595863424358	0.9999595863424358	10	0				gtdb_r232	True
17	minco_current_default_gtdb_source_abundance_sample8_0_1_3_4_5_6_7_9_10_11_13_14_15_16_17_18_19_20_21_22_23_24_25_28	46	73	46	27	0	0.6301369863013698	1.0	0.773109243697479	26.525180643112705	17.668557178190746	0.996009577889128	0.9967890063916132	73	0	73.0	0.0	/mnt/new3T/minco_release_holdouts_20260628/minco_current_code_hmp_airskin17_20260627/minco_sample17_current_default.tsv		
17	sylph_gtdb_source_abundance	46	48	46	2	0	0.9583333333333334	1.0	0.9787234042553191	1.8725768878823958	1.5343775642810433	0.9999665749948404	0.9999794496100465	48	0				gtdb_r232	True
18	minco_current_default_gtdb_source_abundance_sample8_0_1_3_4_5_6_7_9_10_11_13_14_15_16_17_18_19_20_21_22_23_24_25_28	27	26	25	1	2	0.9615384615384616	0.9259259259259259	0.9433962264150944	12.023034824053608	10.640124279496893	0.9947328417202751	0.995104419479662	26	0	26.0	0.0	/mnt/new3T/minco_release_holdouts_20260628/minco_current_code_hmp_airskin18_20260627/minco_sample18_current_default.tsv		
18	sylph_gtdb_source_abundance	27	27	27	0	0	1.0	1.0	1.0	1.8827650603233312	1.8827650603233312	0.9999303274396941	0.9999303274396941	27	0				gtdb_r232	True
19	minco_current_default_gtdb_source_abundance_sample8_0_1_3_4_5_6_7_9_10_11_13_14_15_16_17_18_19_20_21_22_23_24_25_28	111	147	104	43	7	0.7074829931972789	0.9369369369369369	0.8062015503875969	37.17374040767086	27.29324854072597	0.9634093812936598	0.9806831944471559	147	0	147.0	0.0	/mnt/new3T/minco_release_holdouts_20260628/minco_current_code_hmp_airskin19_20260627/minco_sample19_current_default.tsv		
19	sylph_gtdb_source_abundance	111	110	107	3	4	0.9727272727272728	0.963963963963964	0.9683257918552037	13.049354419407495	11.072064305858058	0.9941563409041002	0.9965240092457663	110	0				gtdb_r232	True
20	minco_current_default_gtdb_source_abundance_sample8_0_1_3_4_5_6_7_9_10_11_13_14_15_16_17_18_19_20_21_22_23_24_25_28	79	106	76	30	3	0.7169811320754716	0.9620253164556962	0.8216216216216216	25.95298635905384	16.91205476222515	0.9904823004265118	0.994983201473338	106	0	106.0	0.0	/mnt/new3T/minco_release_holdouts_20260628/minco_current_code_hmp_airskin20_20260627/minco_sample20_current_default.tsv		
20	sylph_gtdb_source_abundance	79	78	76	2	3	0.9743589743589743	0.9620253164556962	0.9681528662420382	4.085099397500308	3.296697820697155	0.999816263275884	0.9998888460325649	78	0				gtdb_r232	True
21	minco_current_default_gtdb_source_abundance_sample8_0_1_3_4_5_6_7_9_10_11_13_14_15_16_17_18_19_20_21_22_23_24_25_28	34	41	33	8	1	0.8048780487804879	0.9705882352941176	0.8800000000000001	34.74496714676101	18.167816526634173	0.9626902136826684	0.991588574591961	41	0	41.0	0.0	/mnt/new3T/minco_release_holdouts_20260628/minco_current_code_hmp_airskin21_20260627/minco_sample21_current_default.tsv		
21	sylph_gtdb_source_abundance	34	34	33	1	1	0.9705882352941176	0.9705882352941176	0.9705882352941176	2.197983021433104	1.9535835102321264	0.9998887705925338	0.9999037206858025	34	0				gtdb_r232	True
22	minco_current_default_gtdb_source_abundance_sample8_0_1_3_4_5_6_7_9_10_11_13_14_15_16_17_18_19_20_21_22_23_24_25_28	21	38	19	19	2	0.5	0.9047619047619048	0.6440677966101696	20.648590840357787	12.056025115448799	0.9885915958918304	0.9968326827201656	38	0	38.0	0.0	/tmp/minco_current_code_hmp_airskin22_20260627/minco_sample22_current_default.tsv		
22	sylph_gtdb_source_abundance	21	23	20	3	1	0.8695652173913043	0.9523809523809523	0.909090909090909	6.04369201147041	3.135789103567501	0.9970787600380688	0.9992223881418046	23	0				gtdb_r232	True
23	minco_current_default_gtdb_source_abundance_sample8_0_1_3_4_5_6_7_9_10_11_13_14_15_16_17_18_19_20_21_22_23_24_25_28	33	36	31	5	2	0.8611111111111112	0.9393939393939394	0.8985507246376813	28.41923191911534	24.333989815353604	0.984447024806524	0.9854764855410798	36	0	36.0	0.0	/mnt/new3T/minco_release_holdouts_20260628/minco_current_code_hmp_airskin23_20260627/minco_sample23_current_default.tsv		
23	sylph_gtdb_source_abundance	33	33	32	1	1	0.9696969696969697	0.9696969696969697	0.9696969696969697	20.89561106604513	20.769211318844626	0.9831326818275297	0.9830723360258059	33	0				gtdb_r232	True
24	minco_current_default_gtdb_source_abundance_sample8_0_1_3_4_5_6_7_9_10_11_13_14_15_16_17_18_19_20_21_22_23_24_25_28	29	26	25	1	4	0.9615384615384616	0.8620689655172413	0.9090909090909091	13.776347378834844	13.13856449739201	0.9946961294046553	0.9947347218527698	26	0	26.0	0.0	/mnt/new3T/minco_release_holdouts_20260628/minco_current_code_hmp_airskin24_20260627/minco_sample24_current_default.tsv		
24	sylph_gtdb_source_abundance	29	30	27	3	2	0.9	0.9310344827586207	0.9152542372881356	4.668798630764398	3.6719966371604116	0.9993530471021701	0.9995403625164352	30	0				gtdb_r232	True
25	minco_current_default_gtdb_source_abundance_sample8_0_1_3_4_5_6_7_9_10_11_13_14_15_16_17_18_19_20_21_22_23_24_25_28	49	76	45	31	4	0.5921052631578947	0.9183673469387755	0.72	23.876829864906867	14.822596296490397	0.984476052440572	0.9924411161891388	76	0	76.0	0.0	/mnt/new3T/minco_release_holdouts_20260628/minco_current_code_hmp_airskin25_20260627/minco_sample25_current_default.tsv		
25	sylph_gtdb_source_abundance	49	48	47	1	2	0.9791666666666666	0.9591836734693877	0.9690721649484536	4.836648420574486	4.72074853647437	0.9988670457680718	0.9988715421272467	48	0				gtdb_r232	True
28	minco_current_default_gtdb_source_abundance_sample8_0_1_3_4_5_6_7_9_10_11_13_14_15_16_17_18_19_20_21_22_23_24_25_28	12	15	12	3	0	0.8	1.0	0.888888888888889	18.352633533107475	10.977119798332348	0.9890339281762488	0.9978801202854538	15	0	15.0	0.0	/tmp/minco_current_code_hmp_airskin28_20260627/minco_sample28_current_default.tsv		
28	sylph_gtdb_source_abundance	12	14	12	2	0	0.8571428571428571	1.0	0.923076923076923	1.80306342230474	1.595963629404533	0.9999332238502313	0.999931664517538	14	0				gtdb_r232	True
