panel	method	samples	mean_F1	pooled_F1	pooled_TP	pooled_FP	pooled_FN	mean_L1_union_pp	mean_L1_truth_only_pp	mean_Pearson_union	mean_Pearson_truth_only	official_L1_pp	official_Pearson	current_official_L1_pp	current_official_Pearson	delta_current_L1_pp	delta_current_Pearson
cami2_toy_mouse_gut	current_calibrated_abundance	5,6,7	0.8938387600398774	0.8776470588235294	373	10	94	15.339987166975057	13.767837122926558	0.9875965696706616	0.987976607726638	13.767837122926558	0.987976607726638	13.767837122926558	0.987976607726638	0.0	0.0
cami2_toy_mouse_gut	current_calibrated_raw	5,6,7	0.8938387600398774	0.8776470588235294	373	10	94	15.339987166975376	13.767837122926872	0.9875965696706613	0.987976607726638	13.767837122926872	0.987976607726638	13.767837122926558	0.987976607726638	3.1441516057384433e-13	0.0
cami2_toy_mouse_gut	exact_hit_abund_ge_0.05	5,6,7	0.8938387600398774	0.8776470588235294	373	10	94	15.339987166975376	13.767837122926872	0.9875965696706613	0.987976607726638	13.767837122926872	0.987976607726638	13.767837122926558	0.987976607726638	3.1441516057384433e-13	0.0
cami2_toy_mouse_gut	exact_hit_abund_ge_0.10	5,6,7	0.8938387600398774	0.8776470588235294	373	10	94	15.339987166975376	13.767837122926872	0.9875965696706613	0.987976607726638	13.767837122926872	0.987976607726638	13.767837122926558	0.987976607726638	3.1441516057384433e-13	0.0
cami2_toy_mouse_gut	exact_hit_abund_ge_0.15	5,6,7	0.8938387600398774	0.8776470588235294	373	10	94	15.339987166975376	13.767837122926872	0.9875965696706613	0.987976607726638	13.767837122926872	0.987976607726638	13.767837122926558	0.987976607726638	3.1441516057384433e-13	0.0
cami2_toy_mouse_gut	exact_hit_abund_ge_0.20	5,6,7	0.8938387600398774	0.8776470588235294	373	10	94	15.339987166975376	13.767837122926872	0.9875965696706613	0.987976607726638	13.767837122926872	0.987976607726638	13.767837122926558	0.987976607726638	3.1441516057384433e-13	0.0
cami2_toy_mouse_gut	exact_hit_abund_ge_0.25	5,6,7	0.8938387600398774	0.8776470588235294	373	10	94	15.339987166975376	13.767837122926872	0.9875965696706613	0.987976607726638	13.767837122926872	0.987976607726638	13.767837122926558	0.987976607726638	3.1441516057384433e-13	0.0
cami2_toy_mouse_gut	exact_hit_abund_ge_0.30	5,6,7	0.8938387600398774	0.8776470588235294	373	10	94	15.339987166975376	13.767837122926872	0.9875965696706613	0.987976607726638	13.767837122926872	0.987976607726638	13.767837122926558	0.987976607726638	3.1441516057384433e-13	0.0
cami2_toy_mouse_gut	exact_hit_abund_ge_0.40	5,6,7	0.8938387600398774	0.8776470588235294	373	10	94	15.339987166975376	13.767837122926872	0.9875965696706613	0.987976607726638	13.767837122926872	0.987976607726638	13.767837122926558	0.987976607726638	3.1441516057384433e-13	0.0
cami2_toy_mouse_gut	exact_hit_abund_ge_0.50	5,6,7	0.8938387600398774	0.8776470588235294	373	10	94	15.339987166975376	13.767837122926872	0.9875965696706613	0.987976607726638	13.767837122926872	0.987976607726638	13.767837122926558	0.987976607726638	3.1441516057384433e-13	0.0
cami2_toy_mouse_gut	exact_hit_abund_ge_0.00	5,6,7	0.8938387600398774	0.8776470588235294	373	10	94	33.341549578019404	31.80923599140526	0.9869650549698784	0.9872699624652629	31.80923599140526	0.9872699624652629	13.767837122926558	0.987976607726638	18.0413988684787	-0.000706645261375094
cami3_toy_human_gut_gtdb_source_readmap	exact_hit_abund_ge_0.00	0,1,2	0.8159567931704953	0.8145695364238409	246	62	50	61.233597687407155	50.52920894617725	0.833836469860853	0.8465633133102163	61.233597687407155	0.833836469860853	62.732029033424595	0.8239151096773089	-1.4984313460174405	0.00992136018354417
cami3_toy_human_gut_gtdb_source_readmap	exact_hit_abund_ge_0.05	0,1,2	0.8159567931704953	0.8145695364238409	246	62	50	61.233597687407155	50.52920894617725	0.833836469860853	0.8465633133102163	61.233597687407155	0.833836469860853	62.732029033424595	0.8239151096773089	-1.4984313460174405	0.00992136018354417
cami3_toy_human_gut_gtdb_source_readmap	exact_hit_abund_ge_0.10	0,1,2	0.8159567931704953	0.8145695364238409	246	62	50	61.233597687407155	50.52920894617725	0.833836469860853	0.8465633133102163	61.233597687407155	0.833836469860853	62.732029033424595	0.8239151096773089	-1.4984313460174405	0.00992136018354417
cami3_toy_human_gut_gtdb_source_readmap	exact_hit_abund_ge_0.15	0,1,2	0.8159567931704953	0.8145695364238409	246	62	50	61.233597687407155	50.52920894617725	0.833836469860853	0.8465633133102163	61.233597687407155	0.833836469860853	62.732029033424595	0.8239151096773089	-1.4984313460174405	0.00992136018354417
cami3_toy_human_gut_gtdb_source_readmap	exact_hit_abund_ge_0.20	0,1,2	0.8159567931704953	0.8145695364238409	246	62	50	61.233597687407155	50.52920894617725	0.833836469860853	0.8465633133102163	61.233597687407155	0.833836469860853	62.732029033424595	0.8239151096773089	-1.4984313460174405	0.00992136018354417
cami3_toy_human_gut_gtdb_source_readmap	exact_hit_abund_ge_0.25	0,1,2	0.8159567931704953	0.8145695364238409	246	62	50	61.233597687407155	50.52920894617725	0.833836469860853	0.8465633133102163	61.233597687407155	0.833836469860853	62.732029033424595	0.8239151096773089	-1.4984313460174405	0.00992136018354417
cami3_toy_human_gut_gtdb_source_readmap	current_calibrated_abundance	0,1,2	0.8159567931704953	0.8145695364238409	246	62	50	62.732029033424595	51.832406366328804	0.8239151096773089	0.8366597306485986	62.732029033424595	0.8239151096773089	62.732029033424595	0.8239151096773089	0.0	0.0
cami3_toy_human_gut_gtdb_source_readmap	current_calibrated_raw	0,1,2	0.8159567931704953	0.8145695364238409	246	62	50	62.73202903342466	51.832406366328826	0.8239151096773086	0.8366597306485984	62.73202903342466	0.8239151096773086	62.732029033424595	0.8239151096773089	6.394884621840902e-14	-2.220446049250313e-16
cami3_toy_human_gut_gtdb_source_readmap	exact_hit_abund_ge_0.30	0,1,2	0.8159567931704953	0.8145695364238409	246	62	50	62.73202903342466	51.832406366328826	0.8239151096773086	0.8366597306485984	62.73202903342466	0.8239151096773086	62.732029033424595	0.8239151096773089	6.394884621840902e-14	-2.220446049250313e-16
cami3_toy_human_gut_gtdb_source_readmap	exact_hit_abund_ge_0.40	0,1,2	0.8159567931704953	0.8145695364238409	246	62	50	62.73202903342466	51.832406366328826	0.8239151096773086	0.8366597306485984	62.73202903342466	0.8239151096773086	62.732029033424595	0.8239151096773089	6.394884621840902e-14	-2.220446049250313e-16
cami3_toy_human_gut_gtdb_source_readmap	exact_hit_abund_ge_0.50	0,1,2	0.8159567931704953	0.8145695364238409	246	62	50	62.73202903342466	51.832406366328826	0.8239151096773086	0.8366597306485984	62.73202903342466	0.8239151096773086	62.732029033424595	0.8239151096773089	6.394884621840902e-14	-2.220446049250313e-16
hmp_airskin_gtdb_source_abundance	current_calibrated_abundance	0,1,10,11,13,14,15,16,17,18,19,20,21,22,23,24,25,28,3,4,5,6,7,9	0.8695844068735173	0.8479868529170089	1032	307	63	22.53852648257849	16.915586755726274	0.9809237855745335	0.9876424418902087	22.53852648257849	0.9809237855745335	22.53852648257849	0.9809237855745335	0.0	0.0
hmp_airskin_gtdb_source_abundance	current_calibrated_raw	0,1,10,11,13,14,15,16,17,18,19,20,21,22,23,24,25,28,3,4,5,6,7,9	0.8695844068735173	0.8479868529170089	1032	307	63	22.53852648257866	16.915586755726427	0.9809237855745333	0.9876424418902087	22.53852648257866	0.9809237855745333	22.53852648257849	0.9809237855745335	1.7053025658242404e-13	-2.220446049250313e-16
hmp_airskin_gtdb_source_abundance	exact_hit_abund_ge_0.10	0,1,10,11,13,14,15,16,17,18,19,20,21,22,23,24,25,28,3,4,5,6,7,9	0.8695844068735173	0.8479868529170089	1032	307	63	22.53852648257866	16.915586755726427	0.9809237855745333	0.9876424418902087	22.53852648257866	0.9809237855745333	22.53852648257849	0.9809237855745335	1.7053025658242404e-13	-2.220446049250313e-16
hmp_airskin_gtdb_source_abundance	exact_hit_abund_ge_0.15	0,1,10,11,13,14,15,16,17,18,19,20,21,22,23,24,25,28,3,4,5,6,7,9	0.8695844068735173	0.8479868529170089	1032	307	63	22.53852648257866	16.915586755726427	0.9809237855745333	0.9876424418902087	22.53852648257866	0.9809237855745333	22.53852648257849	0.9809237855745335	1.7053025658242404e-13	-2.220446049250313e-16
hmp_airskin_gtdb_source_abundance	exact_hit_abund_ge_0.20	0,1,10,11,13,14,15,16,17,18,19,20,21,22,23,24,25,28,3,4,5,6,7,9	0.8695844068735173	0.8479868529170089	1032	307	63	22.53852648257866	16.915586755726427	0.9809237855745333	0.9876424418902087	22.53852648257866	0.9809237855745333	22.53852648257849	0.9809237855745335	1.7053025658242404e-13	-2.220446049250313e-16
hmp_airskin_gtdb_source_abundance	exact_hit_abund_ge_0.25	0,1,10,11,13,14,15,16,17,18,19,20,21,22,23,24,25,28,3,4,5,6,7,9	0.8695844068735173	0.8479868529170089	1032	307	63	22.53852648257866	16.915586755726427	0.9809237855745333	0.9876424418902087	22.53852648257866	0.9809237855745333	22.53852648257849	0.9809237855745335	1.7053025658242404e-13	-2.220446049250313e-16
hmp_airskin_gtdb_source_abundance	exact_hit_abund_ge_0.30	0,1,10,11,13,14,15,16,17,18,19,20,21,22,23,24,25,28,3,4,5,6,7,9	0.8695844068735173	0.8479868529170089	1032	307	63	22.53852648257866	16.915586755726427	0.9809237855745333	0.9876424418902087	22.53852648257866	0.9809237855745333	22.53852648257849	0.9809237855745335	1.7053025658242404e-13	-2.220446049250313e-16
hmp_airskin_gtdb_source_abundance	exact_hit_abund_ge_0.40	0,1,10,11,13,14,15,16,17,18,19,20,21,22,23,24,25,28,3,4,5,6,7,9	0.8695844068735173	0.8479868529170089	1032	307	63	22.53852648257866	16.915586755726427	0.9809237855745333	0.9876424418902087	22.53852648257866	0.9809237855745333	22.53852648257849	0.9809237855745335	1.7053025658242404e-13	-2.220446049250313e-16
hmp_airskin_gtdb_source_abundance	exact_hit_abund_ge_0.50	0,1,10,11,13,14,15,16,17,18,19,20,21,22,23,24,25,28,3,4,5,6,7,9	0.8695844068735173	0.8479868529170089	1032	307	63	22.53852648257866	16.915586755726427	0.9809237855745333	0.9876424418902087	22.53852648257866	0.9809237855745333	22.53852648257849	0.9809237855745335	1.7053025658242404e-13	-2.220446049250313e-16
hmp_airskin_gtdb_source_abundance	exact_hit_abund_ge_0.05	0,1,10,11,13,14,15,16,17,18,19,20,21,22,23,24,25,28,3,4,5,6,7,9	0.8695844068735173	0.8479868529170089	1032	307	63	23.012521628201398	17.304711401806212	0.9815489476961646	0.9877878450744566	23.012521628201398	0.9815489476961646	22.53852648257849	0.9809237855745335	0.4739951456229079	0.0006251621216311065
hmp_airskin_gtdb_source_abundance	exact_hit_abund_ge_0.00	0,1,10,11,13,14,15,16,17,18,19,20,21,22,23,24,25,28,3,4,5,6,7,9	0.8695844068735173	0.8479868529170089	1032	307	63	25.64100548419027	19.130941985484554	0.9816372596416434	0.9880006739820192	25.64100548419027	0.9816372596416434	22.53852648257849	0.9809237855745335	3.10247900161178	0.0007134740671098649
hmp_gastrooral_gtdb_source_abundance	exact_hit_abund_ge_0.00	0,6	0.9195678271308523	0.9156626506024096	76	9	5	17.550789431991838	15.15050653109315	0.9814254742066582	0.9818557186942745	17.550789431991838	0.9814254742066582	48.986991106324496	0.8822766995655476	-31.436201674332658	0.0991487746411106
hmp_gastrooral_gtdb_source_abundance	exact_hit_abund_ge_0.05	0,6	0.9195678271308523	0.9156626506024096	76	9	5	18.888298721739755	16.67962916418027	0.9735837546473636	0.9738383115221816	18.888298721739755	0.9735837546473636	48.986991106324496	0.8822766995655476	-30.09869238458474	0.09130705508181602
hmp_gastrooral_gtdb_source_abundance	exact_hit_abund_ge_0.10	0,6	0.9195678271308523	0.9156626506024096	76	9	5	18.888298721739755	16.67962916418027	0.9735837546473636	0.9738383115221816	18.888298721739755	0.9735837546473636	48.986991106324496	0.8822766995655476	-30.09869238458474	0.09130705508181602
hmp_gastrooral_gtdb_source_abundance	exact_hit_abund_ge_0.15	0,6	0.9195678271308523	0.9156626506024096	76	9	5	18.888298721739755	16.67962916418027	0.9735837546473636	0.9738383115221816	18.888298721739755	0.9735837546473636	48.986991106324496	0.8822766995655476	-30.09869238458474	0.09130705508181602
hmp_gastrooral_gtdb_source_abundance	exact_hit_abund_ge_0.20	0,6	0.9195678271308523	0.9156626506024096	76	9	5	18.888298721739755	16.67962916418027	0.9735837546473636	0.9738383115221816	18.888298721739755	0.9735837546473636	48.986991106324496	0.8822766995655476	-30.09869238458474	0.09130705508181602
hmp_gastrooral_gtdb_source_abundance	exact_hit_abund_ge_0.25	0,6	0.9195678271308523	0.9156626506024096	76	9	5	18.888298721739755	16.67962916418027	0.9735837546473636	0.9738383115221816	18.888298721739755	0.9735837546473636	48.986991106324496	0.8822766995655476	-30.09869238458474	0.09130705508181602
hmp_gastrooral_gtdb_source_abundance	exact_hit_abund_ge_0.30	0,6	0.9195678271308523	0.9156626506024096	76	9	5	18.888298721739755	16.67962916418027	0.9735837546473636	0.9738383115221816	18.888298721739755	0.9735837546473636	48.986991106324496	0.8822766995655476	-30.09869238458474	0.09130705508181602
hmp_gastrooral_gtdb_source_abundance	current_calibrated_abundance	0,6	0.9195678271308523	0.9156626506024096	76	9	5	48.986991106324496	46.62558013379832	0.8822766995655476	0.8825793655462641	48.986991106324496	0.8822766995655476	48.986991106324496	0.8822766995655476	0.0	0.0
hmp_gastrooral_gtdb_source_abundance	current_calibrated_raw	0,6	0.9195678271308523	0.9156626506024096	76	9	5	48.986991106324524	46.625580133798344	0.8822766995655473	0.8825793655462641	48.986991106324524	0.8822766995655473	48.986991106324496	0.8822766995655476	2.842170943040401e-14	-2.220446049250313e-16
hmp_gastrooral_gtdb_source_abundance	exact_hit_abund_ge_0.40	0,6	0.9195678271308523	0.9156626506024096	76	9	5	48.986991106324524	46.625580133798344	0.8822766995655473	0.8825793655462641	48.986991106324524	0.8822766995655473	48.986991106324496	0.8822766995655476	2.842170943040401e-14	-2.220446049250313e-16
hmp_gastrooral_gtdb_source_abundance	exact_hit_abund_ge_0.50	0,6	0.9195678271308523	0.9156626506024096	76	9	5	48.986991106324524	46.625580133798344	0.8822766995655473	0.8825793655462641	48.986991106324524	0.8822766995655473	48.986991106324496	0.8822766995655476	2.842170943040401e-14	-2.220446049250313e-16
